ausencia_id,empleado_id,fecha_inicio,fecha_fin,tipo_ausencia,dias_ausencia
1,14,2024-04-08,2024-04-30,Vacaciones,22
2,13,2023-01-29,2023-02-13,Vacaciones,15
3,24,2025-05-06,2025-05-28,Vacaciones,22
4,6,2021-09-21,2021-10-21,Vacaciones,30
5,23,2021-08-27,2021-09-16,Vacaciones,20
6,25,2021-10-23,2021-10-27,Formación,4
7,22,2023-07-29,2023-08-28,Vacaciones,30
8,29,2024-04-11,2024-04-12,Permiso,1
9,7,2021-03-15,2021-03-17,Permiso,2
10,11,2022-10-05,2022-10-08,Formación,3
11,18,2025-11-06,2025-11-21,Vacaciones,15
12,3,2021-06-14,2021-06-28,Baja Médica,14
13,30,2025-05-15,2025-05-30,Vacaciones,15
14,3,2022-12-16,2022-12-31,Vacaciones,15
15,23,2022-11-11,2022-12-10,Baja Médica,29
16,6,2022-12-11,2022-12-28,Baja Médica,17
17,19,2023-08-10,2023-09-09,Vacaciones,30
18,23,2021-11-22,2021-12-14,Vacaciones,22
19,14,2021-11-20,2021-11-26,Baja Médica,6
20,8,2025-09-17,2025-10-10,Baja Médica,23
21,19,2023-07-03,2023-07-28,Vacaciones,25
22,28,2024-06-05,2024-06-25,Baja Médica,20
23,9,2024-03-29,2024-04-28,Vacaciones,30
24,9,2025-05-17,2025-06-08,Vacaciones,22
25,8,2023-09-12,2023-10-02,Baja Médica,20
26,21,2024-04-17,2024-05-07,Vacaciones,20
27,21,2022-07-28,2022-08-19,Vacaciones,22
28,2,2023-11-22,2023-11-24,Permiso,2
29,24,2021-09-13,2021-10-08,Vacaciones,25
30,17,2025-03-31,2025-04-15,Vacaciones,15
31,19,2023-01-21,2023-02-10,Vacaciones,20
32,22,2023-05-17,2023-06-08,Vacaciones,22
33,10,2021-06-11,2021-07-03,Vacaciones,22
34,25,2023-01-19,2023-01-27,Baja Médica,8
35,15,2025-11-08,2025-11-13,Formación,5
36,24,2024-02-16,2024-03-07,Vacaciones,20
37,3,2021-05-24,2021-06-18,Vacaciones,25
38,27,2021-12-06,2021-12-31,Vacaciones,25
39,30,2021-05-07,2021-06-01,Vacaciones,25
40,28,2021-10-16,2021-11-10,Vacaciones,25
41,13,2024-02-10,2024-02-11,Permiso,1
42,25,2024-06-16,2024-06-20,Baja Médica,4
43,22,2025-01-21,2025-02-03,Baja Médica,13
44,29,2025-03-04,2025-03-09,Baja Médica,5
45,29,2022-11-27,2022-11-28,Permiso,1
46,8,2024-05-15,2024-06-14,Vacaciones,30
47,5,2025-05-21,2025-06-20,Vacaciones,30
48,23,2022-05-08,2022-06-02,Vacaciones,25
49,12,2024-08-31,2024-09-20,Vacaciones,20
50,28,2021-06-26,2021-07-10,Baja Médica,14
51,11,2023-03-31,2023-04-25,Vacaciones,25
52,26,2023-04-26,2023-05-26,Vacaciones,30
53,24,2021-07-15,2021-08-06,Vacaciones,22
54,10,2023-06-01,2023-07-01,Vacaciones,30
55,17,2021-04-24,2021-05-16,Vacaciones,22
56,13,2025-03-14,2025-04-08,Baja Médica,25
57,16,2022-05-10,2022-05-15,Baja Médica,5
58,14,2022-01-25,2022-02-24,Vacaciones,30
59,14,2022-06-14,2022-07-06,Vacaciones,22
60,27,2021-08-16,2021-09-05,Vacaciones,20
61,12,2025-02-13,2025-03-05,Vacaciones,20
62,29,2024-02-09,2024-03-02,Vacaciones,22
63,27,2024-02-22,2024-03-23,Vacaciones,30
64,12,2022-03-23,2022-04-07,Vacaciones,15
65,16,2025-07-27,2025-07-28,Permiso,1
66,19,2022-01-24,2022-01-26,Permiso,2
67,11,2024-02-06,2024-02-21,Vacaciones,15
68,14,2025-12-10,2026-01-01,Vacaciones,22
69,4,2023-11-19,2023-12-11,Vacaciones,22
70,5,2025-06-16,2025-06-17,Formación,1
71,12,2023-06-21,2023-07-06,Vacaciones,15
72,6,2021-02-22,2021-03-19,Vacaciones,25
73,15,2024-07-14,2024-08-13,Vacaciones,30
74,21,2025-02-04,2025-03-01,Vacaciones,25
75,20,2025-08-25,2025-09-09,Vacaciones,15
76,3,2022-08-31,2022-09-13,Baja Médica,13
77,3,2021-11-13,2021-12-05,Baja Médica,22
78,30,2023-01-04,2023-01-24,Vacaciones,20
79,16,2021-02-27,2021-03-29,Vacaciones,30
80,30,2022-09-21,2022-10-16,Vacaciones,25
81,22,2025-05-03,2025-05-25,Vacaciones,22
82,17,2022-02-01,2022-02-21,Vacaciones,20
83,19,2021-10-28,2021-11-01,Formación,4
84,4,2024-01-11,2024-02-02,Vacaciones,22
85,22,2025-03-04,2025-03-27,Baja Médica,23
86,1,2023-07-06,2023-07-21,Baja Médica,15
87,25,2023-08-06,2023-08-10,Baja Médica,4
88,20,2025-06-01,2025-06-16,Vacaciones,15
89,21,2025-12-04,2025-12-11,Baja Médica,7
90,15,2025-04-16,2025-05-15,Baja Médica,29
91,25,2021-09-03,2021-10-03,Vacaciones,30
92,1,2023-03-20,2023-04-04,Vacaciones,15
93,27,2025-12-16,2025-12-31,Vacaciones,15
94,21,2025-10-06,2025-10-26,Vacaciones,20
95,13,2025-06-02,2025-06-24,Vacaciones,22
96,23,2024-01-19,2024-02-13,Baja Médica,25
97,6,2021-04-26,2021-05-16,Vacaciones,20
98,29,2024-11-21,2024-11-24,Permiso,3
99,5,2025-09-10,2025-09-20,Baja Médica,10
100,30,2021-06-01,2021-06-26,Vacaciones,25
101,2,2024-05-24,2024-06-18,Vacaciones,25
102,26,2022-01-24,2022-02-15,Vacaciones,22
103,10,2021-07-21,2021-08-15,Vacaciones,25
104,18,2021-02-17,2021-02-18,Formación,1
105,29,2021-06-14,2021-07-08,Baja Médica,24
106,20,2022-08-06,2022-08-21,Vacaciones,15
107,11,2023-04-13,2023-05-08,Vacaciones,25
108,12,2023-08-13,2023-09-10,Baja Médica,28
109,20,2022-11-05,2022-12-01,Baja Médica,26
110,25,2024-12-25,2025-01-16,Vacaciones,22
111,18,2025-05-20,2025-05-22,Permiso,2
112,11,2024-01-25,2024-01-26,Permiso,1
113,24,2021-06-07,2021-07-02,Baja Médica,25
114,14,2023-10-09,2023-10-29,Vacaciones,20
115,13,2023-04-09,2023-04-29,Baja Médica,20
116,6,2023-02-12,2023-02-18,Baja Médica,6
117,3,2025-03-04,2025-03-19,Vacaciones,15
118,12,2023-12-07,2024-01-04,Baja Médica,28
119,28,2024-07-08,2024-07-19,Baja Médica,11
120,2,2021-09-01,2021-09-02,Formación,1
